{
    "sensor": "logitech_c920",
    "mtx": [
        [
            3724.9952522554254,
            0.0,
            317.5471180299693
        ],
        [
            0.0,
            3648.6179235640197,
            215.83445634839492
        ],
        [
            0.0,
            0.0,
            1.0
        ]
    ],
    "dist": [
        [
            1.4273060032787603,
            -211.52567278675582,
            -0.016173523074224514,
            -0.0030717572185871614,
            -0.6560962731454674
        ]
    ]
}