{
    "sensor": "logitech_c920",
    "mtx": [
        [
            1584.098655708265,
            0.0,
            299.22426116517784
        ],
        [
            0.0,
            1609.0410484620688,
            223.76077982776064
        ],
        [
            0.0,
            0.0,
            1.0
        ]
    ],
    "dist": [
        [
            0.29400622007688804,
            -6.772093724265688,
            -0.0004464138648501651,
            -0.0006699879063317217,
            -1.0684881258313277
        ]
    ]
}